{
  "$type" : "Project",
  "tabBarController" : {
    "$id" : "TabBarController",
    "tabBar" : {
      "$type" : "UITabBar",
      "position" : {
        "top" : 968,
        "left" : 0
      },
      "hidden" : false,
      "frame" : {
        "origin" : {
          "x" : 0,
          "y" : 968
        },
        "size" : {
          "width" : 768,
          "height" : 56
        }
      },
      "$id" : "UITabBar6007",
      "barStyle" : 0,
      "heightIsEditable" : false,
      "$domain" : "Composé.iOS",
      "userInteractionEnabled" : true,
      "autoresizingMask" : 2,
      "size" : {
        "width" : 768,
        "height" : 56
      }
    },
    "$type" : "UITabBarController",
    "$domain" : "Composé.iOS"
  },
  "scenes" : [
    {
      "$id" : "Scene1",
      "positionOnOverview" : {
        "top" : 226,
        "left" : -1064
      },
      "sceneObjectsNodeIsExpandedInEditorOutline" : true,
      "v_separateStatusBar" : false,
      "supportedInterfaceOrientations" : 2,
      "showsTabBar" : false,
      "$domain" : "Composé.iOS",
      "previewSize" : {
        "width" : 1024,
        "height" : 768
      },
      "hasCustomInterfaceOrientations" : false,
      "objects" : [
        {
          "$id" : "FilteredDataSource11519",
          "URLRequest" : {
            "$type" : "URLRequest",
            "$domain" : "Core"
          },
          "$domain" : "com.compose-mac",
          "actionInfo" : {
            "type" : "objectAction",
            "modalTransitionStyle" : "-1",
            "actionType" : "objectAction",
            "objectActionID" : "",
            "$type" : "ActionInfo",
            "$domain" : "Composé"
          },
          "shouldFilterWithKeyPath" : true,
          "shouldFilterWithQuery" : false,
          "dataSourceID" : "FilteredDataSource10065",
          "filterKeyPath" : 0,
          "bindings" : [
            {
              "destination" : "UICollectionView10061DataProvider",
              "destinationIsMutable" : true,
              "destinationKeyPath" : "contents.selectedItemIndex",
              "sourceKeyPath" : "filterKeyPath",
              "enumerableItemAccess" : false
            }
          ],
          "searchesCaseSensitive" : false,
          "name" : "ausgewähler Sender",
          "$type" : "FilteredDataSource"
        },
        {
          "$type" : "JSONDataSource",
          "location" : "local",
          "URLRequest" : {
            "$type" : "URLRequest",
            "$domain" : "Core"
          },
          "$id" : "JSONDataSource10060",
          "actionInfo" : {
            "type" : "objectAction",
            "modalTransitionStyle" : "-1",
            "actionType" : "objectAction",
            "objectActionID" : "",
            "$type" : "ActionInfo",
            "$domain" : "Composé"
          },
          "$domain" : "com.compose-mac",
          "localData" : "{\"sender\":[\n\t\t{\n\t\t\"StreamURL\":\"http:\/\/daserste_live-lh.akamaihd.net\/i\/daserste_de@91204\/master.m3u8\",\n\t\t\"SenderName\":\"ARD\",\n\t\t\"Bild\":\"file:ard.png\",\n\t\t\"ProgrammURL\":\"http:\/\/programm.ard.de\/Programm\/Sender?sender=28106\"\n\t\t},\n\t\t{\n\t\t\"StreamURL\":\"http:\/\/zdf1314-lh.akamaihd.net\/i\/de14_v1@392878\/master.m3u8\",\n\t\t\"SenderName\":\"ZDF\",\n\t\t\"Bild\":\"file:zdf.png\",\n\t\t\"ProgrammURL\":\"http:\/\/www.zdf.de\/epg\/programm-4100.html?action=filter&senderToFilter=ZDF\"\n\t\t},\n\t\t{\n\t\t\"StreamURL\":\"http:\/\/rbb_live-lh.akamaihd.net\/i\/rbb_berlin@108248\/master.m3u8\",\n\t\t\"SenderName\":\"RBB\",\n\t\t\"Bild\":\"file:rbb.png\",\n\t\t\"ProgrammURL\":\"https:\/\/www.rbb-online.de\/fernsehen\/programm\/#anchor_jetzt\"\n\t\t},\n\t\t{\n\t\t\"StreamURL\":\"http:\/\/delive.artestras.cshls.lldns.net\/artestras\/contrib\/delive.m3u8\",\n\t\t\"SenderName\":\"Arte\",\n\t\t\"Bild\":\"file:arte.png\",\n\t\t\"ProgrammURL\":\"http:\/\/www.zdf.de\/epg\/programm-4100.html?action=filter&senderToFilter=arte\"\n\t\t},\n\t\t{\n\t\t\"StreamURL\":\"http:\/\/zdf0910-lh.akamaihd.net\/i\/dach10_v1@392872\/master.m3u8\",\n\t\t\"SenderName\":\"3sat\",\n\t\t\"Bild\":\"file:3sat.png\",\n\t\t\"ProgrammURL\":\"http:\/\/www.zdf.de\/epg\/programm-4100.html?action=filter&senderToFilter=3sat\"\n\t\t},\n\t\t{\n\t\t\"StreamURL\":\"http:\/\/zdf_hds_de-f.akamaihd.net\/i\/de09_v1@87012\/master.m3u8\",\n\t\t\"SenderName\":\"Phoenix\",\n\t\t\"Bild\":\"file:phoenix.png\",\n\t\t\"ProgrammURL\":\"http:\/\/www.zdf.de\/epg\/programm-4100.html?action=filter&senderToFilter=PHOENIX\"\n\t\t},\n\t\t{\n\t\t\"StreamURL\":\"http:\/\/zdf1314-lh.akamaihd.net\/i\/de13_v1@392877\/master.m3u8\",\n\t\t\"SenderName\":\"ZDF neo\",\n\t\t\"Bild\":\"file:neo.png\",\n\t\t\"ProgrammURL\":\"http:\/\/www.zdf.de\/epg\/programm-4100.html?action=filter&senderToFilter=ZDFneo\"\n\t\t},\n\t\t{\n\t\t\"StreamURL\":\"http:\/\/zdf1112-lh.akamaihd.net\/i\/de12_v1@392882\/master.m3u8\",\n\t\t\"SenderName\":\"ZDF info\",\n\t\t\"Bild\":\"file:info.png\",\n\t\t\"ProgrammURL\":\"http:\/\/www.zdf.de\/epg\/programm-4100.html?action=filter&senderToFilter=ZDFinfo\"\n\t\t},\n\t\t{\n\t\t\"StreamURL\":\"http:\/\/zdf1112-lh.akamaihd.net\/i\/de11_v1@392881\/master.m3u8\",\n\t\t\"SenderName\":\"ZDF kultur\",\n\t\t\"Bild\":\"file:kultur.png\",\n\t\t\"ProgrammURL\":\"http:\/\/www.zdf.de\/epg\/programm-4100.html?action=filter&senderToFilter=ZDF.kultur\"\n\t\t},\t\t\n\t\t{\n\t\t\"StreamURL\":\"http:\/\/wdr_fs_geo-lh.akamaihd.net\/i\/wdrfs_geogeblockt@112044\/master.m3u8\",\n\t\t\"SenderName\":\"WDR\",\n\t\t\"Bild\":\"file:wdr.png\",\n\t\t\"ProgrammURL\":\"http:\/\/programm.ard.de\/programm\/sender?sender=-28111\"\n\t\t},\n\t\t\t\t{\n\t\t\"StreamURL\":\"http:\/\/ndr_fs-lh.akamaihd.net\/i\/ndrfs_hh@119223\/master.m3u8\",\n\t\t\"SenderName\":\"NDR\",\n\t\t\"Bild\":\"file:ndr.png\",\n\t\t\"ProgrammURL\":\"http:\/\/programm.ard.de\/programm\/sender?sender=-28226\"\n\t\t},\n\t\t{\n\t\t\"StreamURL\":\"http:\/\/livestreams.br.de\/i\/bfsnord_germany@119898\/master.m3u8\",\n\t\t\"SenderName\":\"BR\",\n\t\t\"Bild\":\"file:br.png\",\n\t\t\"ProgrammURL\":\"http:\/\/programm.ard.de\/programm\/sender?sender=-28107\"\n\t\t},\n\t\t{\n\t\t\"StreamURL\":\"http:\/\/livestreams.br.de\/i\/bralpha_germany@119899\/master.m3u8\",\n\t\t\"SenderName\":\"BR alpha\",\n\t\t\"Bild\":\"file:br-alpha.png\",\n\t\t\"ProgrammURL\":\"http:\/\/programm.ard.de\/programm\/sender?sender=28487\"\n\t\t},\t\t\n\t\t{\n\t\t\"StreamURL\":\"http:\/\/swrrp-lh.akamaihd.net\/i\/swrrp_live@196739\/master.m3u8\",\n\t\t\"SenderName\":\"SWR\",\n\t\t\"Bild\":\"file:swr.png\",\n\t\t\"ProgrammURL\":\"http:\/\/programm.ard.de\/programm\/sender?sender=28113\"\n\t\t},\n\t\t{\n\t\t\"StreamURL\":\"http:\/\/live1_hr-lh.akamaihd.net\/i\/hr_fernsehen@75910\/master.m3u8\",\n\t\t\"SenderName\":\"HR\",\n\t\t\"Bild\":\"file:hr.png\",\n\t\t\"ProgrammURL\":\"http:\/\/programm.ard.de\/programm\/sender?sender=28108\"\n\t\t},\n\t\t{\n\t\t\"StreamURL\":\"http:\/\/live2_sr-lh.akamaihd.net\/i\/sr_universal02@107595\/master.m3u8\",\n\t\t\"SenderName\":\"SR\",\n\t\t\"Bild\":\"file:sr.png\",\n\t\t\"ProgrammURL\":\"http:\/\/programm.ard.de\/programm\/sender?sender=28486\"\n\t\t},\n\t\t{\n\t\t\"StreamURL\":\"http:\/\/www.metafilegenerator.de\/DWelle\/tv\/ios\/master.m3u8\",\n\t\t\"SenderName\":\"DW\",\n\t\t\"Bild\":\"file:dw.png\",\n\t\t\"ProgrammURL\":\"http:\/\/www.dw.com\/de\/programm\/tv-programm\/s-4765-9801\"\n\t\t},\t\t\n\t\t{\n\t\t\"StreamURL\":\"http:\/\/tagesschau-lh.akamaihd.net\/i\/tagesschau_1@119231\/master.m3u8\",\n\t\t\"SenderName\":\"Tagesschau24\",\n\t\t\"Bild\":\"file:tagesschau24.png\",\n\t\t\"ProgrammURL\":\"http:\/\/programm.ard.de\/programm\/sender?sender=28721\"\n\t\t},\n\t\t{\n\t\t\"StreamURL\":\"http:\/\/kika_geo-lh.akamaihd.net\/i\/livetvkika_de@75114\/master.m3u8\",\n\t\t\"SenderName\":\"KiKa\",\n\t\t\"Bild\":\"file:kika.png\",\n\t\t\"ProgrammURL\":\"http:\/\/www.zdf.de\/epg\/programm-4100.html?action=filter&senderToFilter=KI.KA\"\n\t\t},\n\t\t{\n\t\t\"StreamURL\":\"http:\/\/mdr_sachsen_hls-lh.akamaihd.net\/i\/livetvmdrsachsen_de@106902\/master.m3u8\",\n\t\t\"SenderName\":\"MDR\",\n\t\t\"Bild\":\"file:mdr.png\",\n\t\t\"ProgrammURL\":\"http:\/\/programm.ard.de\/programm\/sender?sender=-28229\"\n\t\t}\n]}",
          "lastCheckWasValid" : true,
          "name" : "TV-Daten"
        },
        {
          "$type" : "JavaScriptContainer",
          "script" : "\/\/ Sucht die Sendernamen heraus\n\nreturn input.sender.map(function (sender) {\n\treturn sender.SenderName;\n});\n",
          "URLRequest" : {
            "$type" : "URLRequest",
            "$domain" : "Core"
          },
          "$id" : "JavaScriptContainer11518",
          "inputDataSourceID" : "JSONDataSource10060",
          "contents" : [
            "ARD",
            "ZDF",
            "RBB",
            "Arte",
            "3sat",
            "Phoenix",
            "ZDF neo",
            "ZDF info",
            "ZDF kultur",
            "WDR",
            "NDR",
            "BR",
            "BR alpha",
            "SWR",
            "HR",
            "SR",
            "DW",
            "Tagesschau24",
            "KiKa",
            "MDR"
          ],
          "$domain" : "com.compose-mac",
          "inputDataSource2ID" : "",
          "localData" : "\/\/ Sucht die Sendernamen heraus\n\nreturn input.sender.map(function (sender) {\n\treturn sender.SenderName;\n});\n",
          "actionInfo" : {
            "type" : "objectAction",
            "modalTransitionStyle" : "-1",
            "actionType" : "objectAction",
            "objectActionID" : "",
            "$type" : "ActionInfo",
            "$domain" : "Composé"
          },
          "evaluatesImmediately" : true
        },
        {
          "$type" : "FilteredDataSource",
          "searchesCaseSensitive" : true,
          "URLRequest" : {
            "$type" : "URLRequest",
            "$domain" : "Core"
          },
          "$id" : "FilteredDataSource10065",
          "dataSourceID" : "JSONDataSource10060",
          "actionInfo" : {
            "type" : "objectAction",
            "modalTransitionStyle" : "-1",
            "actionType" : "objectAction",
            "objectActionID" : "",
            "$type" : "ActionInfo",
            "$domain" : "Composé"
          },
          "$domain" : "com.compose-mac",
          "filterKeyPath" : "sender",
          "shouldFilterWithKeyPath" : true
        }
      ],
      "viewController" : {
        "$id" : "UIViewController1",
        "tabBarItem" : {
          "$id" : "UITabBarItem9436",
          "title" : "Telemat1000",
          "$type" : "UITabBarItem",
          "$domain" : "Composé.iOS"
        },
        "title" : "Telemat1000",
        "viewData" : {
          "isExpandedInEditorOutline" : true,
          "scrollLeft" : 0,
          "$id" : "UIView6636",
          "position" : {
            "top" : 0,
            "left" : 0
          },
          "backgroundColor" : "rgba(255,255,255,1.00)",
          "$domain" : "Composé.iOS",
          "autoresizingMask" : 18,
          "frame" : {
            "origin" : {
              "x" : 0,
              "y" : 0
            },
            "size" : {
              "width" : 1024,
              "height" : 704
            }
          },
          "subviews" : [
            {
              "cellPrototype" : {
                "position" : {
                  "top" : 8,
                  "left" : 8
                },
                "isPrototype" : true,
                "$type" : "CollectionViewCellContentView",
                "frame" : {
                  "origin" : {
                    "x" : 8,
                    "y" : 8
                  },
                  "size" : {
                    "width" : 134,
                    "height" : 90
                  }
                },
                "hidden" : false,
                "$id" : "CollectionViewCellContentView10063",
                "bindings" : null,
                "$domain" : "Composé.iOS",
                "backgroundColor" : "rgba(245,244,240,1.00)",
                "heightIsEditable" : true,
                "subviews" : [
                  {
                    "$id" : "UIImageView10150",
                    "position" : {
                      "top" : 0,
                      "left" : 0
                    },
                    "frame" : {
                      "origin" : {
                        "x" : 0,
                        "y" : 0
                      },
                      "size" : {
                        "width" : 134,
                        "height" : 90
                      }
                    },
                    "$domain" : "Composé.iOS",
                    "autoresizingMask" : 36,
                    "layoutRelations" : null,
                    "contentMode" : "scaleAspectFit",
                    "imageURLInfo" : {
                      "remoteImageURL" : "file:mdr.png",
                      "source" : "local"
                    },
                    "highlightedImageURLInfo" : {
                      "source" : "local"
                    },
                    "size" : {
                      "width" : 134,
                      "height" : 90
                    },
                    "isReferenced" : true,
                    "hidden" : false,
                    "bindings" : [
                      {
                        "destination" : "FilteredDataSource10065",
                        "destinationKeyPath" : "Bild",
                        "sourceKeyPath" : "imageURLString",
                        "enumerableItemAccess" : true
                      }
                    ],
                    "$type" : "UIImageView"
                  },
                  {
                    "$id" : "UIImageView11264",
                    "style" : {
                      "opacity" : "0.32"
                    },
                    "position" : {
                      "top" : 0,
                      "left" : 0
                    },
                    "frame" : {
                      "origin" : {
                        "x" : 0,
                        "y" : 0
                      },
                      "size" : {
                        "width" : 134,
                        "height" : 90
                      }
                    },
                    "$domain" : "Composé.iOS",
                    "autoresizingMask" : 36,
                    "layoutRelations" : null,
                    "useHighlightedImage" : true,
                    "imageURLString" : "",
                    "imageURLInfo" : {
                      "remoteImageURL" : "",
                      "source" : "local"
                    },
                    "highlightedImageURLInfo" : {
                      "localImageObjectID" : "ResourceReference11800",
                      "source" : "local"
                    },
                    "contentMode" : "scaleAspectFit",
                    "size" : {
                      "width" : 134,
                      "height" : 90
                    },
                    "alpha" : 0.32,
                    "isReferenced" : true,
                    "hidden" : false,
                    "bindings" : null,
                    "$type" : "UIImageView"
                  }
                ],
                "userInteractionEnabled" : true,
                "scrollTop" : 0,
                "layoutRelations" : null,
                "isExpandedInEditorOutline" : true,
                "size" : {
                  "width" : 134,
                  "height" : 90
                },
                "dataset" : {
                  "StreamURL" : "http:\/\/daserste_live-lh.akamaihd.net\/i\/daserste_de@91204\/master.m3u8",
                  "SenderName" : "ARD",
                  "ProgrammURL" : "http:\/\/programm.ard.de\/Programm\/Sender?sender=28106",
                  "Bild" : "file:ard.png"
                },
                "indexPath" : {
                  "section" : 0,
                  "item" : 0
                },
                "modalTransitionStyle" : "-1",
                "scrollLeft" : 0
              },
              "flowLayoutMinimumLineSpacing" : 8,
              "style" : {
                "opacity" : "1",
                "backgroundColor" : "rgb(245, 244, 240)"
              },
              "position" : {
                "top" : 0,
                "left" : 0
              },
              "$type" : "UICollectionView",
              "margin" : 8,
              "insetTop" : 0,
              "$id" : "UICollectionView10061",
              "hidden" : false,
              "$domain" : "Composé.iOS",
              "backgroundColor" : "rgba(245,244,240,1.00)",
              "transform" : "",
              "dataProvider" : {
                "$type" : "CollectionViewDataProvider",
                "URLRequest" : {
                  "$type" : "URLRequest",
                  "$domain" : "Core"
                },
                "$id" : "UICollectionView10061DataProvider",
                "actionInfo" : {
                  "type" : "objectAction",
                  "modalTransitionStyle" : "-1",
                  "actionType" : "objectAction",
                  "objectActionID" : "",
                  "$type" : "ActionInfo",
                  "$domain" : "Composé"
                },
                "propertiesForBindings" : [
                  "selectedItemIndex"
                ],
                "$domain" : "com.compose-mac",
                "name" : "sender in TV-Daten (Sammlung)",
                "objectID" : "UICollectionView10061"
              },
              "scrollTop" : 0,
              "flowLayoutScrollDirection" : "vertical",
              "isExpandedInEditorOutline" : true,
              "numberOfStaticSections" : 1,
              "size" : {
                "width" : 560,
                "height" : 704
              },
              "alpha" : 1,
              "insetBottom" : 0,
              "autoresizingMask" : 54,
              "spacing" : 8,
              "usesDataSource" : true,
              "modalTransitionStyle" : "-1",
              "dataSourceId" : "FilteredDataSource10065",
              "flowLayoutMinimumInteritemSpacing" : 8,
              "scrollLeft" : 0,
              "staticSections" : [
                {
                  "staticCells" : [
                    {
                      "isExpandedInEditorOutline" : true,
                      "scrollLeft" : 0,
                      "$id" : "CollectionViewCellContentView10064",
                      "position" : {
                        "top" : 0,
                        "left" : 0
                      },
                      "backgroundColor" : "rgb(255,255,255)",
                      "$domain" : "Composé.iOS",
                      "frame" : {
                        "origin" : {
                          "x" : 0,
                          "y" : 0
                        },
                        "size" : {
                          "width" : 100,
                          "height" : 100
                        }
                      },
                      "indexPath" : {
                        "section" : 0,
                        "item" : 0
                      },
                      "transform" : "",
                      "heightIsEditable" : true,
                      "scrollTop" : 0,
                      "size" : {
                        "width" : 100,
                        "height" : 100
                      },
                      "alpha" : 1,
                      "hidden" : false,
                      "modalTransitionStyle" : "-1",
                      "userInteractionEnabled" : true,
                      "$type" : "CollectionViewCellContentView"
                    }
                  ],
                  "numberOfStaticCells" : 1,
                  "isExpandedInEditorOutline" : true,
                  "$type" : "UICollectionViewSection",
                  "$domain" : "Composé.iOS"
                }
              ]
            },
            {
              "$id" : "MoviePlayerView11517",
              "dataProvider" : {
                "$type" : "MoviePlayerDataProvider",
                "URLRequest" : {
                  "$type" : "URLRequest",
                  "$domain" : "Core"
                },
                "$id" : "MoviePlayerView11517DataProvider",
                "actionInfo" : {
                  "type" : "objectAction",
                  "modalTransitionStyle" : "-1",
                  "actionType" : "objectAction",
                  "objectActionID" : "",
                  "$type" : "ActionInfo",
                  "$domain" : "Composé"
                },
                "propertiesForBindings" : [
                  "currentPlaybackTime",
                  "currentPlaybackTimeString",
                  "remainingPlaybackTimeString",
                  "currentPlaybackProgress",
                  "isPlaying",
                  "isNotPlaying"
                ],
                "$domain" : "com.compose-mac",
                "name" : "Film-Wiedergabe",
                "objectID" : "MoviePlayerView11517"
              },
              "position" : {
                "top" : 0,
                "left" : 560
              },
              "backgroundColor" : "rgb(0,0,0)",
              "$domain" : "com.compose-mac",
              "autoresizingMask" : 36,
              "movieURLString" : "http:\/\/daserste_live-lh.akamaihd.net\/i\/daserste_de@91204\/master.m3u8",
              "sourceType" : "remote",
              "transform" : "",
              "frame" : {
                "origin" : {
                  "x" : 560,
                  "y" : 0
                },
                "size" : {
                  "width" : 464,
                  "height" : 320
                }
              },
              "heightIsEditable" : true,
              "showsControls" : true,
              "size" : {
                "width" : 464,
                "height" : 320
              },
              "alpha" : 1,
              "hidden" : false,
              "bindings" : [
                {
                  "destination" : "FilteredDataSource11519",
                  "destinationKeyPath" : "contents.StreamURL",
                  "sourceKeyPath" : "movieURLString",
                  "enumerableItemAccess" : false
                }
              ],
              "autoplay" : true,
              "userInteractionEnabled" : true,
              "$type" : "MoviePlayerView"
            },
            {
              "$id" : "UIWebView11520",
              "dataProvider" : {
                "$type" : "WebViewDataProvider",
                "URLRequest" : {
                  "$type" : "URLRequest",
                  "$domain" : "Core"
                },
                "$id" : "UIWebView11520DataProvider",
                "actionInfo" : {
                  "type" : "objectAction",
                  "modalTransitionStyle" : "-1",
                  "actionType" : "objectAction",
                  "objectActionID" : "",
                  "$type" : "ActionInfo",
                  "$domain" : "Composé"
                },
                "propertiesForBindings" : [
                  "canGoForward",
                  "canGoBack"
                ],
                "$domain" : "com.compose-mac",
                "name" : "Web-Behältnis",
                "objectID" : "UIWebView11520"
              },
              "showActivityIndicator" : false,
              "frame" : {
                "origin" : {
                  "x" : 560,
                  "y" : 320
                },
                "size" : {
                  "width" : 464,
                  "height" : 384
                }
              },
              "$domain" : "com.compose-mac",
              "autoresizingMask" : 33,
              "URLString" : "http:\/\/programm.ard.de\/Programm\/Sender?sender=28106",
              "position" : {
                "top" : 320,
                "left" : 560
              },
              "transform" : "",
              "size" : {
                "width" : 464,
                "height" : 384
              },
              "heightIsEditable" : true,
              "alpha" : 1,
              "hidden" : false,
              "bindings" : [
                {
                  "destination" : "FilteredDataSource11519",
                  "destinationKeyPath" : "contents.ProgrammURL",
                  "sourceKeyPath" : "URLString",
                  "enumerableItemAccess" : false
                }
              ],
              "userInteractionEnabled" : true,
              "$type" : "UIWebView"
            }
          ],
          "transform" : "",
          "size" : {
            "width" : 1024,
            "height" : 704
          },
          "heightIsEditable" : false,
          "scrollTop" : 0,
          "alpha" : 1,
          "hidden" : false,
          "userInteractionEnabled" : true,
          "name" : "Ansicht",
          "$type" : "SceneRootView"
        },
        "$type" : "UIViewController",
        "$domain" : "Composé.iOS"
      },
      "v_showsInTabBar" : false,
      "navigationObjectsNodeIsExpandedInEditorOutline" : true,
      "simulatedInterfaceOrientation" : "landscape",
      "navigationBar" : {
        "isExpandedInEditorOutline" : true,
        "$id" : "UINavigationBar7703",
        "position" : {
          "top" : 0,
          "left" : 0
        },
        "frame" : {
          "origin" : {
            "x" : 0,
            "y" : 0
          },
          "size" : {
            "width" : 1024,
            "height" : 64
          }
        },
        "$domain" : "Composé.iOS",
        "autoresizingMask" : 2,
        "translucent" : false,
        "title" : "Telemat1000",
        "heightIsEditable" : false,
        "size" : {
          "width" : 1024,
          "height" : 64
        },
        "items" : [
          {
            "$type" : "UINavigationItem",
            "$domain" : "Composé.iOS",
            "$id" : "UINavigationItem1"
          }
        ],
        "hidden" : false,
        "barStyle" : 0,
        "userInteractionEnabled" : true,
        "$type" : "UINavigationBar"
      },
      "$type" : "Scene"
    }
  ],
  "tabBarItemFont" : {
    "$id" : "UIFont10035",
    "fontFamily" : "System",
    "fontName" : "_DEFAULT_",
    "pointSize" : 14,
    "$type" : "UIFont",
    "$domain" : "Composé.iOS"
  },
  "navigationBarFont" : {
    "$id" : "UIFont10033",
    "fontFamily" : "System",
    "fontName" : "_DEFAULT_BOLD_",
    "pointSize" : 17,
    "$type" : "UIFont",
    "$domain" : "Composé.iOS"
  },
  "$domain" : "Composé",
  "metadata" : {
    "launchImages" : {
      "portrait" : {
        "fileReferenceID" : "ResourceReference11522",
        "imageID" : "24B6C757-17FB-40F4-92D1-A2BB2E7EC924-3706-0000535AD337B8CF.png",
        "$type" : "ImageReference",
        "$domain" : "Composé"
      },
      "landscape" : {
        "fileReferenceID" : "ResourceReference11523",
        "imageID" : "48472B42-AA47-4BE2-B8A1-8A0A2FAB38DD-3706-0000535B5FFEBDB1.png",
        "$type" : "ImageReference",
        "$domain" : "Composé"
      }
    },
    "iconImage" : {
      "fileReferenceID" : "ResourceReference11521",
      "imageID" : "5389339F-BC5B-41D7-A6B8-CBBA49535915-3706-00005344D01C90FF.png",
      "$type" : "ImageReference",
      "$domain" : "Composé"
    },
    "editorAppearance" : {
      "fileReferencesNodeIsExpandedInEditorOutline" : true,
      "inspectorCurrentSegment" : 0,
      "collapsedNewItemSections" : [

      ],
      "contentScale" : 0.7878909999999996,
      "historyStack" : [
        "Scene1",
        "Scene13195",
        "Scene1",
        "Scene13195",
        "Scene1",
        "Scene13195",
        "Scene1",
        "Scene13195",
        "Scene1",
        "Scene13195",
        "Scene1",
        "Scene13195",
        "Scene1",
        "Scene13195",
        "Scene1"
      ],
      "inspectorCollapsedGroups" : [
        "UILabelShadow",
        "UIScrollViewInsets",
        "UITableViewMargin",
        "UITableViewSeparatorInsets"
      ],
      "heightOfNewItemsList" : 346,
      "inspectorIsVisible" : true,
      "elementListIsVisible" : true,
      "globalObjectsNodeIsExpandedInEditorOutline" : true,
      "historyStackPosition" : 14
    },
    "hidesStatusBarOnLaunch" : true,
    "editorVersion" : 104,
    "title" : "Telemat1000",
    "formatVersion" : 104,
    "lastObjectID" : 15607,
    "simulatedSystemVersion" : 7,
    "supportedInterfaceOrientations" : 24,
    "deviceProfile" : "iPad-original",
    "appleAppBundlePrefix" : "",
    "version" : "",
    "defaultLanguage" : "de",
    "appleAppCategory" : "",
    "supportIOS6" : false,
    "editedObject" : "Scene1",
    "simulatedInterfaceOrientation" : "landscape",
    "projectID" : "0F5D22F9-B8FE-4E9E-905B-6D7B71F86A3A-3706-00005212138C9EA2",
    "windowFrame" : "46 0 1394 877 0 0 1440 877 ",
    "windowIsFullScreen" : false,
    "rootInstance" : "TabBarController",
    "overviewAppearance" : {
      "contentScale" : 0.16
    }
  },
  "fileReferences" : [
    {
      "$type" : "ResourceReference",
      "contentType" : "image\/png",
      "$id" : "ResourceReference10038",
      "size" : 38582,
      "resourceID" : "21DA7E2E-9959-4520-9B02-9F01475AC5A5-3706-00005244808EA1D5.png",
      "$domain" : "Composé",
      "shouldSync" : true,
      "actionInfo" : {
        "type" : "objectAction",
        "modalTransitionStyle" : "-1",
        "actionType" : "objectAction",
        "objectActionID" : "",
        "$type" : "ActionInfo",
        "$domain" : "Composé"
      },
      "originalFileInfo" : {
        "absolutePath" : "\/Users\/nicolasoestreich\/Desktop\/Programme\/br-alpha.png",
        "relativePath" : "..\/Programme\/br-alpha.png",
        "modificationTime" : 1448059012,
        "$type" : "FileInfo",
        "$domain" : "Composé"
      },
      "name" : "br-alpha.png"
    },
    {
      "$type" : "ResourceReference",
      "contentType" : "image\/png",
      "$id" : "ResourceReference10040",
      "size" : 42631,
      "resourceID" : "C66E9C27-866F-47DC-9EF7-F1E029733445-3706-0000524481AA0D7D.png",
      "$domain" : "Composé",
      "shouldSync" : true,
      "actionInfo" : {
        "type" : "objectAction",
        "modalTransitionStyle" : "-1",
        "actionType" : "objectAction",
        "objectActionID" : "",
        "$type" : "ActionInfo",
        "$domain" : "Composé"
      },
      "originalFileInfo" : {
        "absolutePath" : "\/Users\/nicolasoestreich\/Desktop\/Programme\/rbb.png",
        "relativePath" : "..\/Programme\/rbb.png",
        "modificationTime" : 1448059621,
        "$type" : "FileInfo",
        "$domain" : "Composé"
      },
      "name" : "rbb.png"
    },
    {
      "$type" : "ResourceReference",
      "contentType" : "image\/png",
      "$id" : "ResourceReference10041",
      "size" : 42894,
      "resourceID" : "842A91AE-2230-4434-AE4B-42A79757CD29-3706-0000524480F7E70C.png",
      "$domain" : "Composé",
      "shouldSync" : true,
      "actionInfo" : {
        "type" : "objectAction",
        "modalTransitionStyle" : "-1",
        "actionType" : "objectAction",
        "objectActionID" : "",
        "$type" : "ActionInfo",
        "$domain" : "Composé"
      },
      "originalFileInfo" : {
        "absolutePath" : "\/Users\/nicolasoestreich\/Desktop\/Programme\/info.png",
        "relativePath" : "..\/Programme\/info.png",
        "modificationTime" : 1448059330,
        "$type" : "FileInfo",
        "$domain" : "Composé"
      },
      "name" : "info.png"
    },
    {
      "$type" : "ResourceReference",
      "contentType" : "image\/png",
      "$id" : "ResourceReference10043",
      "size" : 34770,
      "resourceID" : "C908EAD1-69E6-4D28-AF11-729D57A4B327-3706-000052448148C8AB.png",
      "$domain" : "Composé",
      "shouldSync" : true,
      "actionInfo" : {
        "type" : "objectAction",
        "modalTransitionStyle" : "-1",
        "actionType" : "objectAction",
        "objectActionID" : "",
        "$type" : "ActionInfo",
        "$domain" : "Composé"
      },
      "originalFileInfo" : {
        "absolutePath" : "\/Users\/nicolasoestreich\/Desktop\/Programme\/mdr.png",
        "relativePath" : "..\/Programme\/mdr.png",
        "modificationTime" : 1448058922,
        "$type" : "FileInfo",
        "$domain" : "Composé"
      },
      "name" : "mdr.png"
    },
    {
      "$type" : "ResourceReference",
      "contentType" : "image\/png",
      "$id" : "ResourceReference10044",
      "size" : 39181,
      "resourceID" : "0D8D4D0A-AB6C-4E78-8662-B51C36D15617-3706-000052448172C8E9.png",
      "$domain" : "Composé",
      "shouldSync" : true,
      "actionInfo" : {
        "type" : "objectAction",
        "modalTransitionStyle" : "-1",
        "actionType" : "objectAction",
        "objectActionID" : "",
        "$type" : "ActionInfo",
        "$domain" : "Composé"
      },
      "originalFileInfo" : {
        "absolutePath" : "\/Users\/nicolasoestreich\/Desktop\/Programme\/neo.png",
        "relativePath" : "..\/Programme\/neo.png",
        "modificationTime" : 1448059407,
        "$type" : "FileInfo",
        "$domain" : "Composé"
      },
      "name" : "neo.png"
    },
    {
      "$type" : "ResourceReference",
      "contentType" : "image\/png",
      "$id" : "ResourceReference10045",
      "size" : 44968,
      "resourceID" : "27398A3A-1456-4A06-AB64-81011DD8767A-3706-0000524480A29FD7.png",
      "$domain" : "Composé",
      "shouldSync" : true,
      "actionInfo" : {
        "type" : "objectAction",
        "modalTransitionStyle" : "-1",
        "actionType" : "objectAction",
        "objectActionID" : "",
        "$type" : "ActionInfo",
        "$domain" : "Composé"
      },
      "originalFileInfo" : {
        "absolutePath" : "\/Users\/nicolasoestreich\/Desktop\/Programme\/br.png",
        "relativePath" : "..\/Programme\/br.png",
        "modificationTime" : 1448059048,
        "$type" : "FileInfo",
        "$domain" : "Composé"
      },
      "name" : "br.png"
    },
    {
      "$type" : "ResourceReference",
      "contentType" : "image\/png",
      "$id" : "ResourceReference10047",
      "size" : 54895,
      "resourceID" : "44F5C125-6406-46A0-924C-A487C1B37338-3706-0000524480BA646B.png",
      "$domain" : "Composé",
      "shouldSync" : true,
      "actionInfo" : {
        "type" : "objectAction",
        "modalTransitionStyle" : "-1",
        "actionType" : "objectAction",
        "objectActionID" : "",
        "$type" : "ActionInfo",
        "$domain" : "Composé"
      },
      "originalFileInfo" : {
        "absolutePath" : "\/Users\/nicolasoestreich\/Desktop\/Programme\/dw.png",
        "relativePath" : "..\/Programme\/dw.png",
        "modificationTime" : 1448058876,
        "$type" : "FileInfo",
        "$domain" : "Composé"
      },
      "name" : "dw.png"
    },
    {
      "$type" : "ResourceReference",
      "contentType" : "image\/png",
      "$id" : "ResourceReference10048",
      "size" : 44739,
      "resourceID" : "9E3E3160-D10A-41A9-9760-5BE0DAD3E55F-3706-000052448200E58E.png",
      "$domain" : "Composé",
      "shouldSync" : true,
      "actionInfo" : {
        "type" : "objectAction",
        "modalTransitionStyle" : "-1",
        "actionType" : "objectAction",
        "objectActionID" : "",
        "$type" : "ActionInfo",
        "$domain" : "Composé"
      },
      "originalFileInfo" : {
        "absolutePath" : "\/Users\/nicolasoestreich\/Desktop\/Programme\/wdr.png",
        "relativePath" : "..\/Programme\/wdr.png",
        "modificationTime" : 1448059236,
        "$type" : "FileInfo",
        "$domain" : "Composé"
      },
      "name" : "wdr.png"
    },
    {
      "$type" : "ResourceReference",
      "contentType" : "image\/png",
      "$id" : "ResourceReference10049",
      "size" : 36259,
      "resourceID" : "E9A78E3B-2484-4A71-B4C4-57F43EA430B7-3706-0000524480690CC3.png",
      "$domain" : "Composé",
      "shouldSync" : true,
      "actionInfo" : {
        "type" : "objectAction",
        "modalTransitionStyle" : "-1",
        "actionType" : "objectAction",
        "objectActionID" : "",
        "$type" : "ActionInfo",
        "$domain" : "Composé"
      },
      "originalFileInfo" : {
        "absolutePath" : "\/Users\/nicolasoestreich\/Desktop\/Programme\/arte.png",
        "relativePath" : "..\/Programme\/arte.png",
        "modificationTime" : 1448059581,
        "$type" : "FileInfo",
        "$domain" : "Composé"
      },
      "name" : "arte.png"
    },
    {
      "$type" : "ResourceReference",
      "contentType" : "image\/png",
      "$id" : "ResourceReference10050",
      "size" : 35796,
      "resourceID" : "6BDDEDD5-D83F-48F8-97C6-DE22AF3FA883-3706-000052448131887F.png",
      "$domain" : "Composé",
      "shouldSync" : true,
      "actionInfo" : {
        "type" : "objectAction",
        "modalTransitionStyle" : "-1",
        "actionType" : "objectAction",
        "objectActionID" : "",
        "$type" : "ActionInfo",
        "$domain" : "Composé"
      },
      "originalFileInfo" : {
        "absolutePath" : "\/Users\/nicolasoestreich\/Desktop\/Programme\/kultur.png",
        "relativePath" : "..\/Programme\/kultur.png",
        "modificationTime" : 1448059287,
        "$type" : "FileInfo",
        "$domain" : "Composé"
      },
      "name" : "kultur.png"
    },
    {
      "$type" : "ResourceReference",
      "contentType" : "image\/png",
      "$id" : "ResourceReference10051",
      "size" : 44092,
      "resourceID" : "9A91B74C-CDEA-42EB-9069-DC8D52F31680-3706-0000524481D5713C.png",
      "$domain" : "Composé",
      "shouldSync" : true,
      "actionInfo" : {
        "type" : "objectAction",
        "modalTransitionStyle" : "-1",
        "actionType" : "objectAction",
        "objectActionID" : "",
        "$type" : "ActionInfo",
        "$domain" : "Composé"
      },
      "originalFileInfo" : {
        "absolutePath" : "\/Users\/nicolasoestreich\/Desktop\/Programme\/swr.png",
        "relativePath" : "..\/Programme\/swr.png",
        "modificationTime" : 1448058962,
        "$type" : "FileInfo",
        "$domain" : "Composé"
      },
      "name" : "swr.png"
    },
    {
      "$type" : "ResourceReference",
      "contentType" : "image\/png",
      "$id" : "ResourceReference10052",
      "size" : 58377,
      "resourceID" : "73F4137C-189C-4B68-AAC3-C892EB857251-3706-000052448194026B.png",
      "$domain" : "Composé",
      "shouldSync" : true,
      "actionInfo" : {
        "type" : "objectAction",
        "modalTransitionStyle" : "-1",
        "actionType" : "objectAction",
        "objectActionID" : "",
        "$type" : "ActionInfo",
        "$domain" : "Composé"
      },
      "originalFileInfo" : {
        "absolutePath" : "\/Users\/nicolasoestreich\/Desktop\/Programme\/phoenix.png",
        "relativePath" : "..\/Programme\/phoenix.png",
        "modificationTime" : 1448059457,
        "$type" : "FileInfo",
        "$domain" : "Composé"
      },
      "name" : "phoenix.png"
    },
    {
      "$type" : "ResourceReference",
      "contentType" : "image\/png",
      "$id" : "ResourceReference10053",
      "size" : 46090,
      "resourceID" : "9AB7D2BE-FEBD-4F0F-89C5-279C655FD27C-3706-000052448002AF1B.png",
      "$domain" : "Composé",
      "shouldSync" : true,
      "actionInfo" : {
        "type" : "objectAction",
        "modalTransitionStyle" : "-1",
        "actionType" : "objectAction",
        "objectActionID" : "",
        "$type" : "ActionInfo",
        "$domain" : "Composé"
      },
      "originalFileInfo" : {
        "absolutePath" : "\/Users\/nicolasoestreich\/Desktop\/Programme\/3sat.png",
        "relativePath" : "..\/Programme\/3sat.png",
        "modificationTime" : 1448059546,
        "$type" : "FileInfo",
        "$domain" : "Composé"
      },
      "name" : "3sat.png"
    },
    {
      "$type" : "ResourceReference",
      "contentType" : "image\/png",
      "$id" : "ResourceReference10054",
      "size" : 51150,
      "resourceID" : "13280F7D-2D5E-4B12-8ED8-33CA4C3736A0-3706-0000524480534F4C.png",
      "$domain" : "Composé",
      "shouldSync" : true,
      "actionInfo" : {
        "type" : "objectAction",
        "modalTransitionStyle" : "-1",
        "actionType" : "objectAction",
        "objectActionID" : "",
        "$type" : "ActionInfo",
        "$domain" : "Composé"
      },
      "originalFileInfo" : {
        "absolutePath" : "\/Users\/nicolasoestreich\/Desktop\/Programme\/ard.png",
        "relativePath" : "..\/Programme\/ard.png",
        "modificationTime" : 1448058806,
        "$type" : "FileInfo",
        "$domain" : "Composé"
      },
      "name" : "ard.png"
    },
    {
      "$type" : "ResourceReference",
      "contentType" : "image\/png",
      "$id" : "ResourceReference10055",
      "size" : 18778,
      "resourceID" : "9BEA4CF2-AB99-41C5-AA6E-324FBD31B86F-3706-00005244807CA344.png",
      "$domain" : "Composé",
      "shouldSync" : true,
      "actionInfo" : {
        "type" : "objectAction",
        "modalTransitionStyle" : "-1",
        "actionType" : "objectAction",
        "objectActionID" : "",
        "$type" : "ActionInfo",
        "$domain" : "Composé"
      },
      "originalFileInfo" : {
        "absolutePath" : "\/Users\/nicolasoestreich\/Desktop\/Programme\/auswahl.png",
        "relativePath" : "..\/Programme\/auswahl.png",
        "modificationTime" : 1448060341,
        "$type" : "FileInfo",
        "$domain" : "Composé"
      },
      "name" : "auswahl.png"
    },
    {
      "$type" : "ResourceReference",
      "contentType" : "image\/png",
      "$id" : "ResourceReference10056",
      "size" : 58272,
      "resourceID" : "12F0AA3A-F886-4AFD-914C-18CFE37D4DF2-3706-000052448111C329.png",
      "$domain" : "Composé",
      "shouldSync" : true,
      "actionInfo" : {
        "type" : "objectAction",
        "modalTransitionStyle" : "-1",
        "actionType" : "objectAction",
        "objectActionID" : "",
        "$type" : "ActionInfo",
        "$domain" : "Composé"
      },
      "originalFileInfo" : {
        "absolutePath" : "\/Users\/nicolasoestreich\/Desktop\/Programme\/kika.png",
        "relativePath" : "..\/Programme\/kika.png",
        "modificationTime" : 1448058706,
        "$type" : "FileInfo",
        "$domain" : "Composé"
      },
      "name" : "kika.png"
    },
    {
      "$type" : "ResourceReference",
      "contentType" : "image\/png",
      "$id" : "ResourceReference10057",
      "size" : 41111,
      "resourceID" : "05280122-A304-4BA5-B4CA-748C5D16F3BF-3706-00005244815BF05F.png",
      "$domain" : "Composé",
      "shouldSync" : true,
      "actionInfo" : {
        "type" : "objectAction",
        "modalTransitionStyle" : "-1",
        "actionType" : "objectAction",
        "objectActionID" : "",
        "$type" : "ActionInfo",
        "$domain" : "Composé"
      },
      "originalFileInfo" : {
        "absolutePath" : "\/Users\/nicolasoestreich\/Desktop\/Programme\/ndr.png",
        "relativePath" : "..\/Programme\/ndr.png",
        "modificationTime" : 1448059199,
        "$type" : "FileInfo",
        "$domain" : "Composé"
      },
      "name" : "ndr.png"
    },
    {
      "$type" : "ResourceReference",
      "contentType" : "image\/png",
      "$id" : "ResourceReference10058",
      "size" : 38191,
      "resourceID" : "A2DF7206-206D-4B60-8D93-76623837559E-3706-0000524481E8AA3D.png",
      "$domain" : "Composé",
      "shouldSync" : true,
      "actionInfo" : {
        "type" : "objectAction",
        "modalTransitionStyle" : "-1",
        "actionType" : "objectAction",
        "objectActionID" : "",
        "$type" : "ActionInfo",
        "$domain" : "Composé"
      },
      "originalFileInfo" : {
        "absolutePath" : "\/Users\/nicolasoestreich\/Desktop\/Programme\/tagesschau24.png",
        "relativePath" : "..\/Programme\/tagesschau24.png",
        "modificationTime" : 1448058764,
        "$type" : "FileInfo",
        "$domain" : "Composé"
      },
      "name" : "tagesschau24.png"
    },
    {
      "$type" : "ResourceReference",
      "contentType" : "image\/png",
      "$id" : "ResourceReference10059",
      "size" : 44490,
      "resourceID" : "F5A20D3E-3FA1-4C93-ACD5-1DE68C0464EE-3706-00005244821451BF.png",
      "$domain" : "Composé",
      "shouldSync" : true,
      "actionInfo" : {
        "type" : "objectAction",
        "modalTransitionStyle" : "-1",
        "actionType" : "objectAction",
        "objectActionID" : "",
        "$type" : "ActionInfo",
        "$domain" : "Composé"
      },
      "originalFileInfo" : {
        "absolutePath" : "\/Users\/nicolasoestreich\/Desktop\/Programme\/zdf.png",
        "relativePath" : "..\/Programme\/zdf.png",
        "modificationTime" : 1448059663,
        "$type" : "FileInfo",
        "$domain" : "Composé"
      },
      "name" : "zdf.png"
    },
    {
      "$type" : "ResourceReference",
      "contentType" : "image\/png",
      "$id" : "ResourceReference11521",
      "size" : 125863,
      "resourceID" : "5389339F-BC5B-41D7-A6B8-CBBA49535915-3706-00005344D01C90FF.png",
      "$domain" : "Composé",
      "shouldSync" : true,
      "actionInfo" : {
        "type" : "objectAction",
        "modalTransitionStyle" : "-1",
        "actionType" : "objectAction",
        "objectActionID" : "",
        "$type" : "ActionInfo",
        "$domain" : "Composé"
      },
      "originalFileInfo" : {
        "absolutePath" : "\/Users\/nicolasoestreich\/Desktop\/Programme\/icon.png",
        "relativePath" : "..\/Programme\/icon.png",
        "modificationTime" : 1448061837,
        "$type" : "FileInfo",
        "$domain" : "Composé"
      },
      "name" : "icon.png"
    },
    {
      "$type" : "ResourceReference",
      "contentType" : "image\/png",
      "$id" : "ResourceReference11522",
      "size" : 133030,
      "resourceID" : "24B6C757-17FB-40F4-92D1-A2BB2E7EC924-3706-0000535AD337B8CF.png",
      "$domain" : "Composé",
      "shouldSync" : true,
      "actionInfo" : {
        "type" : "objectAction",
        "modalTransitionStyle" : "-1",
        "actionType" : "objectAction",
        "objectActionID" : "",
        "$type" : "ActionInfo",
        "$domain" : "Composé"
      },
      "originalFileInfo" : {
        "absolutePath" : "\/Users\/nicolasoestreich\/Desktop\/Programme\/ladehoch.png",
        "relativePath" : "..\/Programme\/ladehoch.png",
        "modificationTime" : 1448061952,
        "$type" : "FileInfo",
        "$domain" : "Composé"
      },
      "name" : "ladehoch.png"
    },
    {
      "$type" : "ResourceReference",
      "contentType" : "image\/png",
      "$id" : "ResourceReference11523",
      "size" : 132109,
      "resourceID" : "48472B42-AA47-4BE2-B8A1-8A0A2FAB38DD-3706-0000535B5FFEBDB1.png",
      "$domain" : "Composé",
      "shouldSync" : true,
      "actionInfo" : {
        "type" : "objectAction",
        "modalTransitionStyle" : "-1",
        "actionType" : "objectAction",
        "objectActionID" : "",
        "$type" : "ActionInfo",
        "$domain" : "Composé"
      },
      "originalFileInfo" : {
        "absolutePath" : "\/Users\/nicolasoestreich\/Desktop\/Programme\/ladebreit.png",
        "relativePath" : "..\/Programme\/ladebreit.png",
        "modificationTime" : 1448061987,
        "$type" : "FileInfo",
        "$domain" : "Composé"
      },
      "name" : "ladebreit.png"
    },
    {
      "$type" : "ResourceReference",
      "contentType" : "image\/png",
      "$id" : "ResourceReference11800",
      "size" : 31556,
      "resourceID" : "87270FE5-092E-49FD-B911-1F7A9715AD55-3706-000054045F64A10A.png",
      "$domain" : "Composé",
      "shouldSync" : true,
      "actionInfo" : {
        "type" : "objectAction",
        "modalTransitionStyle" : "-1",
        "actionType" : "objectAction",
        "objectActionID" : "",
        "$type" : "ActionInfo",
        "$domain" : "Composé"
      },
      "originalFileInfo" : {
        "absolutePath" : "\/Users\/nicolasoestreich\/Desktop\/Programme\/button.png",
        "relativePath" : "..\/Programme\/button.png",
        "modificationTime" : 1448062699,
        "$type" : "FileInfo",
        "$domain" : "Composé"
      },
      "name" : "button.png"
    },
    {
      "$type" : "ResourceReference",
      "contentType" : "image\/png",
      "$id" : "ResourceReference13635",
      "size" : 47050,
      "resourceID" : "B2DBC4BF-2225-4928-8978-A68F9797BC5F-13140-00010DD13534C25A.png",
      "$domain" : "Composé",
      "shouldSync" : true,
      "actionInfo" : {
        "type" : "objectAction",
        "modalTransitionStyle" : "-1",
        "actionType" : "objectAction",
        "objectActionID" : "",
        "$type" : "ActionInfo",
        "$domain" : "Composé"
      },
      "originalFileInfo" : {
        "absolutePath" : "\/Users\/nicolasoestreich\/Downloads\/App-Release\/Programme\/sr.png",
        "relativePath" : "..\/Programme\/sr.png",
        "modificationTime" : 1448471268,
        "$type" : "FileInfo",
        "$domain" : "Composé"
      },
      "name" : "sr.png"
    },
    {
      "$type" : "ResourceReference",
      "contentType" : "image\/png",
      "$id" : "ResourceReference13636",
      "size" : 30715,
      "resourceID" : "10A4EBF3-6501-41A6-81F0-856BB51CC399-13140-00010DD13513D33A.png",
      "$domain" : "Composé",
      "shouldSync" : true,
      "actionInfo" : {
        "type" : "objectAction",
        "modalTransitionStyle" : "-1",
        "actionType" : "objectAction",
        "objectActionID" : "",
        "$type" : "ActionInfo",
        "$domain" : "Composé"
      },
      "originalFileInfo" : {
        "absolutePath" : "\/Users\/nicolasoestreich\/Downloads\/App-Release\/Programme\/hr.png",
        "relativePath" : "..\/Programme\/hr.png",
        "modificationTime" : 1448471232,
        "$type" : "FileInfo",
        "$domain" : "Composé"
      },
      "name" : "hr.png"
    }
  ],
  "barButtonItemFont" : {
    "$id" : "UIFont13220",
    "fontFamily" : "System",
    "fontName" : "_DEFAULT_",
    "pointSize" : 17,
    "$type" : "UIFont",
    "$domain" : "Composé.iOS"
  }
}